Ticker,First_Qualified_Date,First_Qualified_Price,First_Inflection_Date,First_Inflection_Price,Peak_Price,Peak_Date,Peak_Return_Pct,Current_Return_From_Base_Pct,Drawdown_From_Peak_Pct,Historical_Status
ACUTAAS,2026-09-19,3440.3,,,3440.3,2026-09-19,0.0,-7.09,-7.09,QUALIFIED_NOT_CONFIRMED
AEGISLOG,2026-09-19,1415.4,,,1479.9,2026-09-21,4.56,-1.01,-5.32,QUALIFIED_NOT_CONFIRMED
ANANDRATHI,2026-09-19,2229.4,,,2229.4,2026-09-19,0.0,-5.02,-5.02,QUALIFIED_NOT_CONFIRMED
ANANTRAJ,2026-09-19,606.15,,,617.4,2026-09-26,1.86,-4.67,-6.41,QUALIFIED_NOT_CONFIRMED
APARINDS,2026-09-19,18858.0,,,18969.0,2026-09-21,0.59,-6.42,-6.96,QUALIFIED_NOT_CONFIRMED
BHARTIARTL,2026-09-19,1893.3,,,1893.3,2026-09-19,0.0,-8.04,-8.04,QUALIFIED_NOT_CONFIRMED
CGPOWER,2026-09-19,892.0,,,908.5,2026-09-21,1.85,-1.46,-3.25,QUALIFIED_NOT_CONFIRMED
CGCL,2026-09-19,270.65,,,270.65,2026-09-19,0.0,-7.91,-7.91,QUALIFIED_NOT_CONFIRMED
COROMANDEL,2026-09-19,1999.5,,,1999.5,2026-09-19,0.0,-11.8,-11.8,QUALIFIED_NOT_CONFIRMED
ETERNAL,2026-09-19,326.85,,,335.4,2026-09-21,2.62,-3.96,-6.41,QUALIFIED_NOT_CONFIRMED
FSL,2026-09-19,273.45,,,273.45,2026-09-19,0.0,-8.43,-8.43,QUALIFIED_NOT_CONFIRMED
GMRAIRPORT,2026-09-19,99.3,,,99.3,2026-09-19,0.0,-6.18,-6.18,QUALIFIED_NOT_CONFIRMED
GLENMARK,2026-09-19,2447.4,,,2458.0,2026-09-21,0.43,-4.76,-5.17,QUALIFIED_NOT_CONFIRMED
HBLENGINE,2026-09-19,760.0,,,806.0,2026-09-26,6.05,2.55,-3.31,QUALIFIED_NOT_CONFIRMED
POWERINDIA,2026-09-19,32700.0,,,32700.0,2026-09-19,0.0,-4.31,-4.31,QUALIFIED_NOT_CONFIRMED
HOMEFIRST,2026-09-19,1241.3,,,1260.0,2026-09-21,1.51,-9.31,-10.66,QUALIFIED_NOT_CONFIRMED
INDGN,2026-09-19,600.1,,,608.95,2026-09-26,1.47,1.47,0.0,QUALIFIED_NOT_CONFIRMED
INOXWIND,2026-09-19,76.8,,,77.65,2026-09-21,1.11,-10.48,-11.46,QUALIFIED_NOT_CONFIRMED
KPIL,2026-09-19,1445.5,,,1445.5,2026-09-19,0.0,-6.16,-6.16,QUALIFIED_NOT_CONFIRMED
KIRLOSENG,2026-09-19,2160.1,,,2242.7,2026-10-03,3.82,3.82,0.0,QUALIFIED_NOT_CONFIRMED
LAURUSLABS,2026-09-19,1954.0,,,2017.5,2026-09-21,3.25,1.54,-1.66,QUALIFIED_NOT_CONFIRMED
LENSKART,2026-09-19,707.2,,,707.2,2026-09-19,0.0,-2.27,-2.27,QUALIFIED_NOT_CONFIRMED
NAVINFLUOR,2026-09-19,8590.0,,,8590.0,2026-09-19,0.0,-5.28,-5.28,QUALIFIED_NOT_CONFIRMED
PAYTM,2026-09-19,1849.9,,,1849.9,2026-09-19,0.0,-10.48,-10.48,QUALIFIED_NOT_CONFIRMED
PTCIL,2026-09-19,22805.0,,,22805.0,2026-09-19,0.0,-3.42,-3.42,QUALIFIED_NOT_CONFIRMED
PWL,2026-09-19,136.6,,,136.6,2026-09-19,0.0,-12.03,-12.03,QUALIFIED_NOT_CONFIRMED
PIRAMALFIN,2026-09-19,2300.2,,,2300.2,2026-09-19,0.0,-12.04,-12.04,QUALIFIED_NOT_CONFIRMED
PINELABS,2026-09-19,192.04,,,193.35,2026-09-21,0.68,-12.73,-13.32,QUALIFIED_NOT_CONFIRMED
PFOCUS,2026-09-19,344.35,,,353.6,2026-09-21,2.69,-12.43,-14.72,QUALIFIED_NOT_CONFIRMED
RADICO,2026-09-19,4535.4,,,4557.1,2026-09-26,0.48,-6.58,-7.02,QUALIFIED_NOT_CONFIRMED
SAGILITY,2026-09-19,45.66,,,46.0,2026-09-21,0.74,-5.45,-6.15,QUALIFIED_NOT_CONFIRMED
SAILIFE,2026-09-19,1600.5,,,1610.1,2026-09-21,0.6,-3.71,-4.28,QUALIFIED_NOT_CONFIRMED
SHYAMMETL,2026-09-19,1100.0,,,1100.0,2026-09-19,0.0,-4.75,-4.75,QUALIFIED_NOT_CONFIRMED
ENRIN,2026-09-19,3228.0,,,3334.0,2026-10-03,3.28,3.28,0.0,QUALIFIED_NOT_CONFIRMED
SONACOMS,2026-09-19,808.0,,,824.5,2026-09-26,2.04,-0.37,-2.37,QUALIFIED_NOT_CONFIRMED
SYRMA,2026-09-19,1728.9,,,1732.6,2026-09-26,0.21,-0.64,-0.85,QUALIFIED_NOT_CONFIRMED
TBOTEK,2026-09-19,1710.6,,,1710.6,2026-09-19,0.0,-2.29,-2.29,QUALIFIED_NOT_CONFIRMED
TECHNOE,2026-09-19,1030.45,,,1030.45,2026-09-19,0.0,-3.09,-3.09,QUALIFIED_NOT_CONFIRMED
WELCORP,2026-09-19,2660.1,,,2832.4,2026-09-26,6.48,-2.04,-8.0,QUALIFIED_NOT_CONFIRMED
ADANIENSOL,2026-09-21,1402.1,,,1402.1,2026-09-21,0.0,-5.4,-5.4,QUALIFIED_NOT_CONFIRMED
AEGISVOPAK,2026-09-21,317.75,,,317.75,2026-09-21,0.0,-8.5,-8.5,QUALIFIED_NOT_CONFIRMED
CPPLUS,2026-09-21,3489.4,,,3799.6,2026-10-03,8.89,8.89,0.0,QUALIFIED_NOT_CONFIRMED
AFFLE,2026-09-21,1604.1,,,1604.1,2026-09-21,0.0,-9.63,-9.63,QUALIFIED_NOT_CONFIRMED
ANTHEM,2026-09-21,915.0,,,915.0,2026-09-21,0.0,-6.48,-6.48,QUALIFIED_NOT_CONFIRMED
AIIL,2026-09-21,559.75,,,559.75,2026-09-21,0.0,-3.65,-3.65,QUALIFIED_NOT_CONFIRMED
BSE,2026-09-21,3160.4,,,3191.5,2026-09-26,0.98,-3.62,-4.56,QUALIFIED_NOT_CONFIRMED
BLS,2026-09-21,232.58,,,232.58,2026-09-21,0.0,-6.91,-6.91,QUALIFIED_NOT_CONFIRMED
CCL,2026-09-21,1072.6,,,1072.6,2026-09-21,0.0,-1.49,-1.49,QUALIFIED_NOT_CONFIRMED
CARTRADE,2026-09-21,2919.8,,,3002.6,2026-09-26,2.84,-3.88,-6.53,QUALIFIED_NOT_CONFIRMED
CEMPRO,2026-09-21,1257.8,,,1257.8,2026-09-21,0.0,-6.27,-6.27,QUALIFIED_NOT_CONFIRMED
CDSL,2026-09-21,1361.0,,,1361.0,2026-09-21,0.0,-8.71,-8.71,QUALIFIED_NOT_CONFIRMED
CHALET,2026-09-21,860.1,,,881.35,2026-09-26,2.47,2.47,0.0,QUALIFIED_NOT_CONFIRMED
CHOICEIN,2026-09-21,781.65,,,781.65,2026-09-21,0.0,-7.96,-7.96,QUALIFIED_NOT_CONFIRMED
COCHINSHIP,2026-09-21,1382.5,,,1382.5,2026-09-21,0.0,-6.91,-6.91,QUALIFIED_NOT_CONFIRMED
COFORGE,2026-09-21,1810.2,,,1826.0,2026-10-03,0.87,0.87,0.0,QUALIFIED_NOT_CONFIRMED
CREDITACC,2026-09-21,1394.0,,,1394.0,2026-09-21,0.0,-11.12,-11.12,QUALIFIED_NOT_CONFIRMED
DOMS,2026-09-21,2084.9,,,2097.5,2026-10-03,0.6,0.6,0.0,QUALIFIED_NOT_CONFIRMED
DATAPATTNS,2026-09-21,4505.0,,,4505.0,2026-09-21,0.0,-5.63,-5.63,QUALIFIED_NOT_CONFIRMED
DIXON,2026-09-21,13375.0,,,13390.0,2026-09-26,0.11,-5.05,-5.15,QUALIFIED_NOT_CONFIRMED
EMMVEE,2026-09-21,341.85,,,341.85,2026-09-21,0.0,-10.52,-10.52,QUALIFIED_NOT_CONFIRMED
ERIS,2026-09-21,1291.6,,,1291.6,2026-09-21,0.0,-2.53,-2.53,QUALIFIED_NOT_CONFIRMED
NYKAA,2026-09-21,336.5,,,336.5,2026-09-21,0.0,-3.43,-3.43,QUALIFIED_NOT_CONFIRMED
FORCEMOT,2026-09-21,17485.0,,,17485.0,2026-09-21,0.0,-3.92,-3.92,QUALIFIED_NOT_CONFIRMED
GVT&D,2026-09-21,4380.0,,,4380.0,2026-09-21,0.0,-2.89,-2.89,QUALIFIED_NOT_CONFIRMED
GLAND,2026-09-21,2939.8,,,2939.8,2026-09-21,0.0,-2.22,-2.22,QUALIFIED_NOT_CONFIRMED
GRSE,2026-09-21,2373.2,,,2373.2,2026-09-21,0.0,-11.04,-11.04,QUALIFIED_NOT_CONFIRMED
GODFRYPHLP,2026-09-21,1980.0,,,1980.0,2026-09-21,0.0,-6.58,-6.58,QUALIFIED_NOT_CONFIRMED
GODREJPROP,2026-09-21,1696.0,,,1700.1,2026-09-26,0.24,-5.91,-6.13,QUALIFIED_NOT_CONFIRMED
HDFCAMC,2026-09-21,2444.0,,,2444.0,2026-09-21,0.0,-5.56,-5.56,QUALIFIED_NOT_CONFIRMED
HINDCOPPER,2026-09-21,504.25,,,504.25,2026-09-21,0.0,-8.35,-8.35,QUALIFIED_NOT_CONFIRMED
IKS,2026-09-21,1787.3,,,1815.8,2026-09-26,1.59,-0.61,-2.17,QUALIFIED_NOT_CONFIRMED
IGIL,2026-09-21,323.65,,,330.55,2026-09-26,2.13,-3.62,-5.63,QUALIFIED_NOT_CONFIRMED
JSWENERGY,2026-09-21,516.7,,,516.7,2026-09-21,0.0,-6.14,-6.14,QUALIFIED_NOT_CONFIRMED
JAINREC,2026-09-21,272.5,,,286.85,2026-09-26,5.27,3.67,-1.52,QUALIFIED_NOT_CONFIRMED
JYOTICNC,2026-09-21,1113.75,,,1113.75,2026-09-21,0.0,-7.33,-7.33,QUALIFIED_NOT_CONFIRMED
KPITTECH,2026-09-21,537.3,,,537.3,2026-09-21,0.0,-8.43,-8.43,QUALIFIED_NOT_CONFIRMED
KALYANKJIL,2026-09-21,580.25,,,580.25,2026-09-21,0.0,-8.92,-8.92,QUALIFIED_NOT_CONFIRMED
KAYNES,2026-09-21,3650.1,,,3650.1,2026-09-21,0.0,-6.88,-6.88,QUALIFIED_NOT_CONFIRMED
KFINTECH,2026-09-21,898.0,,,898.0,2026-09-21,0.0,-7.35,-7.35,QUALIFIED_NOT_CONFIRMED
LATENTVIEW,2026-09-21,252.5,,,252.5,2026-09-21,0.0,-3.47,-3.47,QUALIFIED_NOT_CONFIRMED
THELEELA,2026-09-21,537.4,,,546.15,2026-09-26,1.63,1.63,0.0,QUALIFIED_NOT_CONFIRMED
LODHA,2026-09-21,1144.4,,,1165.0,2026-09-26,1.8,-3.39,-5.1,QUALIFIED_NOT_CONFIRMED
MAXHEALTH,2026-09-21,1068.0,,,1068.0,2026-09-21,0.0,-11.9,-11.9,QUALIFIED_NOT_CONFIRMED
MCX,2026-09-21,3201.0,,,3324.9,2026-09-26,3.87,0.09,-3.64,QUALIFIED_NOT_CONFIRMED
NMDC,2026-09-21,80.36,,,80.36,2026-09-21,0.0,-7.12,-7.12,QUALIFIED_NOT_CONFIRMED
NETWEB,2026-09-21,4717.0,,,4717.0,2026-09-21,0.0,-4.17,-4.17,QUALIFIED_NOT_CONFIRMED
NAM-INDIA,2026-09-21,1144.1,,,1157.0,2026-09-26,1.13,-8.57,-9.59,QUALIFIED_NOT_CONFIRMED
OLECTRA,2026-09-21,1206.2,,,1207.2,2026-09-26,0.08,-9.12,-9.19,QUALIFIED_NOT_CONFIRMED
POLICYBZR,2026-09-21,1794.0,,,1794.0,2026-09-21,0.0,-45.37,-45.37,QUALIFIED_NOT_CONFIRMED
PGEL,2026-09-21,538.5,,,538.5,2026-09-21,0.0,-10.66,-10.66,QUALIFIED_NOT_CONFIRMED
PVRINOX,2026-09-21,1348.6,,,1348.6,2026-09-21,0.0,-9.88,-9.88,QUALIFIED_NOT_CONFIRMED
PERSISTENT,2026-09-21,5450.0,,,5450.0,2026-09-21,0.0,-1.52,-1.52,QUALIFIED_NOT_CONFIRMED
POLYCAB,2026-09-21,8381.0,,,8408.5,2026-09-26,0.33,-4.67,-4.98,QUALIFIED_NOT_CONFIRMED
PREMIERENE,2026-09-21,909.9,,,909.9,2026-09-21,0.0,-3.5,-3.5,QUALIFIED_NOT_CONFIRMED
RRKABEL,2026-09-21,2416.0,,,2528.3,2026-09-26,4.65,4.23,-0.4,QUALIFIED_NOT_CONFIRMED
RAILTEL,2026-09-21,260.35,,,260.35,2026-09-21,0.0,-1.21,-1.21,QUALIFIED_NOT_CONFIRMED
SUZLON,2026-09-21,43.36,,,43.36,2026-09-21,0.0,-10.26,-10.26,QUALIFIED_NOT_CONFIRMED
TATACAP,2026-09-21,344.55,,,344.55,2026-09-21,0.0,-7.33,-7.33,QUALIFIED_NOT_CONFIRMED
TRENT,2026-09-21,2811.9,,,2811.9,2026-09-21,0.0,-8.25,-8.25,QUALIFIED_NOT_CONFIRMED
TARIL,2026-09-21,278.45,,,280.8,2026-10-03,0.84,0.84,0.0,QUALIFIED_NOT_CONFIRMED
TRITURBINE,2026-09-21,555.5,,,555.5,2026-09-21,0.0,-4.59,-4.59,QUALIFIED_NOT_CONFIRMED
UNOMINDA,2026-09-21,1230.1,,,1230.1,2026-09-21,0.0,-9.68,-9.68,QUALIFIED_NOT_CONFIRMED
VIJAYA,2026-09-21,1552.7,,,1552.7,2026-09-21,0.0,-8.03,-8.03,QUALIFIED_NOT_CONFIRMED
WAAREEENER,2026-09-21,2499.0,,,2499.0,2026-09-21,0.0,-6.36,-6.36,QUALIFIED_NOT_CONFIRMED
ZENTEC,2026-09-21,1684.8,,,1684.8,2026-09-21,0.0,-6.45,-6.45,QUALIFIED_NOT_CONFIRMED
AETHER,2026-10-03,1670.0,,,1670.0,2026-10-03,0.0,0.0,0.0,QUALIFIED_NOT_CONFIRMED
AZAD,2026-10-03,2860.9,,,2860.9,2026-10-03,0.0,0.0,0.0,QUALIFIED_NOT_CONFIRMED
CUPID,2026-10-03,312.5,,,312.5,2026-10-03,0.0,0.0,0.0,QUALIFIED_NOT_CONFIRMED
TDPOWERSYS,2026-10-03,792.15,,,792.15,2026-10-03,0.0,0.0,0.0,QUALIFIED_NOT_CONFIRMED
THANGAMAYL,2026-10-03,4861.0,,,4861.0,2026-10-03,0.0,0.0,0.0,QUALIFIED_NOT_CONFIRMED
